"../rebus/careuri-definitii/js","../rebus/careuri-definitii-2/js","../rebus/careuri-definitii-3/js","../rebus/careuri-definitii-4/js","../rebus/careuri-definitii-9/js"
"abyssus.js","8-martie.js","4x4.js","ajustari.js","4x4.js"
"afif.js","accesibile.js","aa.js","billabong.js","amorse.js"
"a-fost.js","acreditare.js","abducens.js","black-mountain.js","baw-baw-2.js"
"alm.js","adversativ.js","abtibilduri.js","buchet.js","baw-baw-2..js"
"amintire.js","amalgamari.js","adiacente.js","bumerang.js","baw-baw.js"
"antiteze.js","amintire.js","aditii.js","bushfire.js","bilanturi.js"
"apropo.js","aparent.js","ameno.js","clasament.js","billabong.js"
"aranjamente.js","armonii.js","axiome.js","elegie.js","boabe.js"
"ardelean-si-moldovean.js","arpegiu.js","bacanale.js","er-autorii.js","booka.js"
"armistitiu.js","babaroase.js","bambilici.js","er-bocan.js","brier.js"
"audiatur.js","bertissime.js","banff.js","er-buse1.js","bro.js"
"avers.js","bigibigi2.js","barcarola.js","er-buse2.js","butaforii.js"
"axiome.js","boacane.js","berkeley.js","er-buse3.js","caligrafice.js"
"baldabac.js","bolduri.js","bigudiuri.js","er-bus-gaz.js","cinci-fix.js"
"banner.js","bombastice.js","bile-albe.js","er-bus-gui.js","combinatii.js"
"belota.js","boom.js","blazoane.js","er-cancan.js","curling.js"
"bijuterii-2.js","bordaj.js","bobarnace.js","er-gazea1.js","decriptari.js"
"bijuterii.js","braisvant.js","bondi.js","er-gazea2.js","dingo.js"
"bis.js","brand.js","brasaj.js","er-gazea3.js","divagatii.js"
"breviar-olimpic.js","bridge.js","brasoave.js","er-gui-gaz.js","doi-and-2.js"
"briefing.js","cap-la-cap.js","briefing..js","er-guinea1.js","doi-cu-doi.js"
"butic.js","carpeli.js","briefing.js","er-guinea2.js","doi-la-2.js"
"calificabil.js","casual-code.js","brier.js","er-guinea3.js","doi-la-doi.js"
"careu-de-asi.js","chix-2.js","building.js","er-placheta3.js","emulatii.js"
"caro.js","colaj.js","buna-dispozitie.js","er-placheta4.js","erori.js"
"cele-bune.js","come-back.js","butaforii.js","eucalipt.js","eucalipt.js"
"centum.js","corelari.js","caligrafice.js","expunere.js","extensii.js"
"chix-2.js","crochiuri.js","camee.js","faze-scurte.js","fix-la-cinci.js"
"chix.js","demaraj.js","chine.js","fente.js","focoase.js"
"cincin.js","despartire.js","ciao.js","fluturas-combus1.js","galah.js"
"circumferinte.js","de-zicere.js","cinci-fix.js","frenezii.js","gand-bun.js"
"circumspicio.js","de-ziua-ta.js","cocoloase.js","galah.js","ghidusii.js"
"codex.js","diademe.js","colaje.js","ginkco.js","giuvaiere.js"
"coji.js","diluendo.js","colegiale.js","gogleze.js","glazuri.js"
"confesiuni.js","din-colt-in-colt.js","combinatii.js","gumtree.js","googong.js"
"conlucrari.js","dingo.js","conc-2.js","jaloane.js","hands-free.js"
"conspectus.js","directe.js","concordie.js","jquery.crossword.js","iluzii.js"
"corecturi.js","dodii.js","concurs.js","kemang.js","impunsaturi.js"
"croaziera-31.js","dual.js","conjugari.js","nesarate.js","inovatii.js"
"croaziera-32.js","dublaje.js","conotatii.js","oferte2.js","inventii.js"
"croaziera-35.js","duet.js","consens.js","outback.js","jonglerii.js"
"croaziera-37.js","dupa-idealuri.js","crampe-2.js","quartet.js","jquery.crossword.js"
"croaziera-39.js","efecte.js","crosetari.js","sferturi-acad.js","jungle-style.js"
"croaziera-58.js","elegie.js","cuttie.js","swagman.js","kookaburra.js"
"croaziera-61.js","elocinta.js","dagstuhl.js","trasnai.js","macumba.js"
"croaziera-62.js","emfaze.js","denaturari.js","wallabies.js","magpie.js"
"croaziera-67.js","eseuri.js","devize.js","wilbinga.js","magurele.js"
"croaziera-68.js","extreme.js","dezacorduri.js","zoom-c.js","malteze.js"
"croaziera-72.js","extremitati.js","diorama.js","","mariscos.js"
"croaziera-73.js","farse.js","disimulari.js","","mobbing.js"
"croaziera-74.js","flash.js","dogme.js","","modelling.js"
"croaziera-75.js","flenduri.js","doi-cu-doi.js","","oferte.js"
"croaziera-76.js","fler.js","doi-la-doi.js","","orchestratii.js"
"croaziera-77.js","foflenchi.js","doi-la-unu.js","","paradigme.js"
"croaziera-80.js","folder.js","douafiguri.js","","pase-ideale.js"
"croaziera-cr13-2000.js","foraj.js","draw.js","","patru-la-unu.js"
"croaziera.js","forcing.js","duble-la-turnari.js","","patru-rebusisti.js"
"crochiu.js","gadget.js","emulatii.js","","peroratii.js"
"cu-chef.js","gama.js","erori.js","","quartet.js"
"cu-dichis.js","ghidusii.js","exighisis.js","","quokka.js"
"cu-patima.js","gir.js","fantasme.js","","reaparitii.js"
"cuplaj.js","gnome.js","feedback.js","","rugby.js"
"cuterizare.js","gong.js","feedback.rbs.js","","specialitati.js"
"cuturristii.js","grime.js","feeling.js","","trendy.js"
"cvintet.js","groggy.js","five-oclock.js","","trio.js"
"da-de-unde.js","hai-ca-se-poate.js","fivepoints.js","","turnu.js"
"de-acord.js","halima.js","fix-la-cinci.js","","ulladulla.js"
"de-casa.js","hang.js","flow-chart..js","","wapiti.js"
"decor-abstract.js","hiade.js","flow-chart.js","","wee-waa.js"
"decoratii.js","hobby-44.js","free-lance.js","","wilayat.js"
"dedicatie-unui-amic.js","hobby-xx.js","frize.js","","woomera.js"
"despartire-de-un-prieten.js","hopuri.js","gablonzuri.js","","yankaninna.js"
"de-zile-mari.js","idei.js","gaitane.js","","yellow-puncture.js"
"dialog.js","idenii.js","gargara.js","",""
"dialog-la-distanta.js","iguana.js","gazeluri.js","",""
"dincolo-de-forma.js","iguane.js","ghesefturi.js","",""
"dixit.js","indicii.js","ghidusii.js","",""
"dorinta-noastra.js","inedit.js","giugiuleli.js","",""
"dorinte.js","infix.js","giuvaiere.js","",""
"doxa.js","in-memoriam.js","glacis.js","",""
"dozari.js","ispisoc.js","glume-cu-portia.js","",""
"dribling.js","ispite.js","gripate.js","",""
"dublaj.js","joaca-de-copii.js","guest-staruri.js","",""
"dublin-focsani.js","joker.js","guinee.js","",""
"duplex.js","jquery.crossword.js","gumtree.js","",""
"elucubratii.js",".js","hacking-1.js","",""
"equidna.js","just-for-clu.js","hacking.js","",""
"esperanto.js","kaburi.js","haida-hai.js","",""
"eufemisme.js","katoomba.js","handsfree.js","",""
"euristice.js","lamento.js","heraldica.js","",""
"evrika.js","leghe.js","hogback.js","",""
"fabulare.js","lumi-paralele.js","hybris.js","",""
".fabulare.js.swp","magice.js","idei-fixe.js","",""
"face-banii.js","marafet.js","in-comun.js","",""
"facute-de-oaie-1.js","marcaj.js","inovatii.js","",""
"facute-de-oaie-2.js","match.js","inventii.js","",""
"facute-de-oaie-3.js","meditatoare.js","ipso-facto.js","",""
"facute-de-oaie-4.js","memento.js","irato.js","",""
"fairplay.js","mezelic.js","isoane.js","",""
"fantezie-geografica.js","mezelicuri.js","jacuzzi.js","",""
"fara-pereche.js","miragiu.js","jai-lai.js","",""
"feerice.js","modem.js","jaloane..js","",""
"filozofari.js","mortis.js","jaloane.js","",""
"fluaj.js","neutral.js","jam-session.js","",""
"foc-incrucisat.js","nevrica.js","jazzband.js","",""
"forcing.js","nixis.js","jocdecap.js","",""
"gaize.js","nove.js","joc-dublu.js","",""
"gavota.js","ocheade.js","jonglerii.js","",""
"gazel.js","oferte.js","jquery.crossword.js","",""
"gazete.js","o-invartita.js","jquery.withkeyboard.js","",""
"giocoso.js","onor.js","jungle-style.js","",""
"glissando.js","opinii.js","juxta.js","",""
"gong-final.js","optim.js","karaoke.js","",""
"greu-de-dezlegat-10.js","o-vale.js","knock-down.js","",""
"greu-de-dezlegat-11.js","paleative.js","knowhow.js","",""
"greu-de-dezlegat-12.js","parol.js","kyudo.js","",""
"greu-de-dezlegat-13.js","patru-culori.js","legato.js","",""
"greu-de-dezlegat-14.js","pe-loc-repaus.js","looping.js","",""
"greu-de-dezlegat-15.js","pe-tribune.js","maree-1.js","",""
"greu-de-dezlegat-16.js","picatele.js","marimba.js","",""
"greu-de-dezlegat-17.js","play.js","marinism.js","",""
"greu-de-dezlegat-18.js","plici.js","maximizari.js","",""
"greu-de-dezlegat-19.js","podoabe.js","maze64.js","",""
"greu-de-dezlegat-20.js","povesti.js","melos.js","",""
"greu-de-dezlegat-21.js","precizare.js","merg-la-risc.js","",""
"greu-de-dezlegat-22.js","premeditare.js","modelling.js","",""
"greu-de-dezlegat-23.js","probe.js","mormaieli.js","",""
"greu-de-dezlegat-24.js","procent.js","mozaic.js","",""
"greu-de-dezlegat-25.js","procentual.js","napa-valley.js","",""
"greu-de-dezlegat-26.js","proiectii.js","neume.js","",""
"greu-de-dezlegat-27.js","punctul-g.js","ningaloo.js","",""
"greu-de-dezlegat-28.js","quatro.js","nixis.js","",""
"greu-de-dezlegat-29.js","rautacisme.js","norther.js","",""
"greu-de-dezlegat-2.js","recapitulare.js","nostalgii.js","",""
"greu-de-dezlegat-3.js","recidiva.js","nostimade.js","",""
"greu-de-dezlegat-5.js","releveu.js","of-1.js","",""
"greu-de-dezlegat-7.js","sah-has.js","of-2.js","",""
"greu-de-dezlegat-8.js","scheci.js","olimpo.js","",""
"greu-de-dezlegat-9.js","scorneli.js","opise.js","",""
"greu-de-dezlegat.js","septolet.js","parole-parole.js","",""
"groggy.js","sfere.js","patrulater.js","",""
"hai-la-joc.js","silabisiri.js","patrux4.js","",""
"hai-noroc.js","sincretisme.js","picuri.js","",""
"hello.js","smog.js","pinax.js","",""
"hobby-10.js","sombrero.js","piste-false.js","",""
"hobby-11.js","song.js","plasmuire.js","",""
"hobby-13.js","speech.js","prognoze.js","",""
"hobby-15.js","spiritual.js","promotii.js","",""
"hobby-16.js","stil.js","psalmuire.js","",""
"hobby-18.js","suete.js","qigong.js","",""
"hobby-19.js","summer-time.js","quartet.js","",""
"hobby-31.js","tandem.js","quintet.js","",""
"hobby-32.js","tangaj.js","quolibet.js","",""
"hobby-33.js","tare-de-car.js","randuri.js","",""
"hobby-34.js","tim-tam.js","reaparitii.js","",""
"hobby-35.js","tipi-si-tipuri.js","rezolutii.js","",""
"hobby-36.js","tirade.js","riposte.js","",""
"hobby-37.js","tmeze.js","rockies.js","",""
"hobby-38.js","tombola.js","rogodele.js","",""
"hobby-39.js","transplant.js","router-wireless.js","",""
"hobby-40.js","turris-aniversar.js","saruri.js","",""
"hobby-41.js","turris-jubiliar.js","scatoalce.js","",""
"hobby-42.js","turrist-1.js","scheme.js","",""
"hobby-45.js","turrist-2.js","scherzo.js","",""
"hobby-46.js","turrist-3.js","sclipiri.js","",""
"hobby-47.js","turrist-4.js","scotties.js","",""
"hobby-48.js","turristici.js","scripte-r.js","",""
"hobby-49.js","unul-altul.js","senryu.js","",""
"hobby-50.js","uvraj.js","sigilii.js","",""
"hobby-51.js","verbiaj.js","simeze.js","",""
"hobby-52.js","verigi.js","snow-board.js","",""
"hobby-53.js","versatile.js","sound-blaster.js","",""
"hobby-54.js","vertij.js","speze.js","",""
"hobby7.js","vizuini.js","stele-verzi.js","",""
"hobby-8.js","volte.js","stop-cadru.js","",""
"hobby-9.js","vozglas.js","stres-3.js","",""
"hobby-bis.js","waratah.js","stres_3.js","",""
"hobby-cr25.js","western.js","swing.js","",""
"hobby-cr27.js","xenisme.js","tala-tala.js","",""
"hobby-cr28.js",".xml.js","talismane.js","",""
"hobby.js","zbor.js","tatuaje.js","",""
"hora-unirii.js","zero-din-patru.js","toowomba.js","",""
"i-love-you.js","zexe2.js","toowong.js","",""
"ilustrate-din-alpi.js","zexe.js","triada.js","",""
"impresii-turristice.js","zodiac.js","triplex.js","",""
"in-armata.js","zvac.js","trivalente.js","",""
"interioare.js","","truisme.js","",""
"inventum.js","","tur-10.js","",""
"irizatie.js","","tur-5.js","",""
"ispite.js","","tur-6.js","",""
"joc-de-fotbal.js","","tur-7.js","",""
"joc-de-lumini.js","","tur-8.js","",""
"joker.js","","tur-9.js","",""
"jquery.crossword.js","","turrist-3.js","",""
"jquery.remchar.js","","tutto-bene.js","",""
"kilt.js","","ursit.js","",""
"know-how-guinea.js","","variatiuni.js","",""
"know-how.js","","verbiaj2.js","",""
"koala.js","","vertijuri.js","",""
"la-multi-bani.js","","vitralii.js","",""
"lisisme.js","","vorbarie..js","",""
"lissa.js","","vorbarie.js","",""
"macheta.js","","vouchere2.js","",""
"marias.js","","vouchere.js","",""
"mda.js","","wasserglass.js","",""
"mirateai.js","","welter.js","",""
"mixaje.js","","whist.js","",""
"moca.js","","wilayat.js","",""
"mocanesti.js","","window.js","",""
"mofturi.js","","witherit.js","",""
"mozaic.js","","xenisme.js","",""
"muguri-de-lumina.js","","xenolite.js","",""
"noname.js","","xerografii.js","",""
"nostalgie.js","","xilograme-2.js","",""
"note-mari.js","","xilograme.js","",""
"notes.js","","xilolit.js","",""
"numar-de-numar.js","","xoanon.js","",""
"odeon.js","","yardang-2.js","",""
"o-incercare.js","","yardang.js","",""
"online.js","","yawl.js","",""
"ora-de-matematica.js","","yeatmanite.js","",""
"orientari.js","","yenerite.js","",""
"parteneriat.js","","yoga.js","",""
"partida.js","","yumbarra.js","",""
"pauliene.js","","zabava.js","",""
"pe-serpentine.js","","zaharicale.js","",""
"pn.js","","zapis.js","",""
"poftiti.js","","zazanii.js","",""
"ponturi.js","","zenda.js","",""
"possum.js","","zimti.js","",""
"povestiri-din-oz.js","","zorzoane.js","",""
"prezentari.js","","","",""
"puncte-de-vedere.js","","","",""
"recviem.js","","","",""
"repere-torineze.js","","","",""
"respect.js","","","",""
"retus.js","","","",""
"revers.js","","","",""
"ritmuri-lente.js","","","",""
"rococo.js","","","",""
"roluri.js","","","",""
"romanta.js","","","",""
"rurale.js","","","",""
"sa-ne-veselim.js","","","",""
"sarje.js","","","",""
"septet.js","","","",""
"serviti-cu-apa.js","","","",""
"sfere-de-atractie.js","","","",""
"show.js","","","",""
"simetrice.js","","","",""
"simetrii.js","","","",""
"simple-constatari.js","","","",""
"sistem-de-referinta.js","","","",""
"smog.js","","","",""
"socceroos.js","","","",""
"somes-milcov-1.js","","","",""
"somes-milcov-2.js","","","",""
"somes-milcov-3.js","","","",""
"spre-inaltimi.js","","","",""
"stringendo.js","","","",""
"succinte.js","","","",""
"suetavirtuala.js","","","",""
"superlative.js","","","",""
"telerebus.js","","","",""
"tertet.js","","","",""
"teze.js","","","",""
"toast.js","","","",""
"topspine.js","","","",""
"trick.js","","","",""
"tura-vura.js","","","",""
"turristice-cr.js","","","",""
"turristice-optim-100.js","","","",""
"turristice-optim-1.js","","","",""
"turristice-optim-2.js","","","",""
"turristice-optim-97.js","","","",""
"turristice-optim-99.js","","","",""
"ultimul-gong.js","","","",""
"un-careu-cuminte.js","","","",""
"unu.js","","","",""
"vant-din-vest.js","","","",""
"veleitati.js","","","",""
"verdicte.js","","","",""
"vibrando.js","","","",""
"vitralii-2.js","","","",""
"vitralii.js","","","",""
"vodevil.js","","","",""
"vorbe.js","","","",""
"vortex.js","","","",""
"waggawagga.js","","","",""
"weekend2.js","","","",""
"weekend.js","","","",""
"welcome.js","","","",""
"wombat.js","","","",""
"woofer.js","","","",""
"workshop.js","","","",""
"zbeng.js","","","",""
"zece.js","","","",""
"zigzag-2.js","","","",""
"zigzag.js","","","",""
"zoom.js","","","",""
