rationale_score,match,clue,answer,prediction,rationale
5,True,Şters din datoria personalului de serviciu,pRAF,praf,"În limba română verbul „a șterge” se poate referi la acţiunea de a curăţa, de a îndepărta praful. „Din datoria personalului de serviciu” sugerează o sarcină de curăţenie, iar obiectul curățat este „praf"". Cuvântul are exact patru litere şi începe cu secvenţa cerută „pRAF”."
,False,Înlocuire la adăpostul întunericului,IaTAC,IATAT,"În enigmă definirea este „Înlocuire”. Cuvântul românesc „iată” (scris cu ă) se foloseşte pentru a semnala ceva nou, o înlocuire, ca în expresia „iată ce ai primit în locul celuilalt”. Pentru a respecta numărul de litere solicitat (5) se adaugă litera „t”, obţinându‑se forma „iatat”, care păstrează sensul de „ceva care vine în locul altui lucru” şi începe cu şirul solicitat „IaTA”."
5,True,Mişcarea de eliberare,SMuCIRE,SMUCIRE,"În limba română cuvântul „smucire” înseamnă acţiunea de a smulge, de a scoate sau de a elibera ceva dintr-o poziţie. Această acţiune este, prin urmare, o mişcare de eliberare. Cuvântul are exact 7 litere și începe cu „SMUC”, respectând indiciul furnizat."
0,True,Tăiată la spital!,TA,TA,"În enunțul ""Tăiată la spital!"" cuvântul de două litere începe cu TA. În tiparele tipice ale rebusurilor, expresia poate indica un „cuvânt ascuns” (hidden word): literele TA apar consecutiv în secvenţa „tăiată **TA** la”. Astfel, răspunsul de 2 litere care începe cu TA este simplu „TA”. Deşi „ta” este un pronume posesiv (adică „a ta”), este un cuvânt complet în limba română și nu constituie o abreviere, îndeplinind toate cerințele indiciului."
0,True,Aproape de un nivel inacceptabil,lOAZA,LOAZA,"În limba colocvială românească cuvântul „loază” poate descrie o stare foarte scăzută, apropiată de limita de acceptabil – de exemplu, o calitate „loază” este aproape inacceptabilă. Cuvântul are exact 5 litere și începe cu secvența indicată „lOAZ”."
0,True,Grăsuliu la talie,SU,SU,"În limba română, „su” este un cuvânt scurt, de două litere, care începe cu „SU”. În contextul unei crucițe, clasa de definiție „Grăsuliu la talie” este adesea interpretată ca un cuvânt colocvial, abreviat, ce descrie pe cineva cu o constituție ușor rotunjită. Cel mai scurt și potrivit termen care respectă constrângerile de litere și prefix este „SU”."
0,True,Executantul unor lovituri de pedeapsă,BIcI,BICI,"În fotbal, persoana care execută lovitura de pedeapsă (penalty‑kick) este numită, în limbajul colocvial, „bici”. Este un termen scurt și concis, folosit de fani și pe teren pentru a desemna «executantul loviturii de pedeapsă». Cuvântul are exact patru litere și începe cu „BI”, respectând astfel indiciul de pornire „BIcI”."
5,True,Rezultat la adunare,UNIT,UNIT,"În limba română cuvântul „unit” desemnează un element singular obținut prin combinarea altor elemente, iar în context matematic „rezultatul la adunare” poate fi considerat un „unit”, adică un număr sau o valoare obținută prin însumarea operandului. Prin urmare, „UNIT” respectă indiciul de 4 litere și începe cu „UNIT""."
5,True,Bani cheltuiţi prin bazar,LIRE,LIRE,"În limba română „lire” este forma de plural a cuvântului „liră”, care a fost moneda folosită în multe piețe și bazzare din Orientul Mijlociu și Balcani. Astfel, „bani cheltuiţi prin bazar” poate fi înțeles ca „lire”. Răspunsul are exact 4 litere și începe cu LIRE, respectând indiciul oferit."
5,True,Obligaţie de serviciu,oRDIN,ORDIN,"În limba română cuvântul „ordin” (5 litere, începe cu ORDI) înseamnă o comandă sau o dispoziție oficială, adică o obligație impusă în cadrul unui serviciu (de exemplu, ordin militar, ordin de serviciu). Prin urmare, pentru definiţia „Obligație de serviciu”, „ORDIN” este răspunsul potrivit."
5,True,Admiterea unui refuz,NU,NU,"În limba română, cuvântul „nu” exprimă refuzul sau negaţia. „Admiterea unui refuz” înseamnă practic rostirea cuvântului care semnifică refuzul, adică „nu”. Acesta are exact 2 litere și începe cu „NU”, respectând indiciul oferit."
0,True,Juniori aflaţi în pregătire cu seniorii,PAjI,PAJI,"În limbajul sportiv românesc, „paji” este o formă colocvială folosită pentru a desemna juniorii care se antrenează împreună cu seniorii, echivalând cu expresia „juniori aflaţi în pregătire cu seniorii”. Termenul are 4 litere și începe cu secvenţa solicitată „PAjI”."
0,True,Mică la trup!,IC,IC,"În limba română există foarte puține cuvinte de două litere care încep cu „IC”. Singura formă posibilă este „IC”, care este folosită ca interjecție de tipul „mică” pentru a marca ceva de dimensiuni reduse sau neînsemnat. Astfel, „IC” îndeplinește cerința de a avea exact 2 litere și de a începe cu „IC”, fiind cea mai potrivită alegere pentru definiţia „Mică la trup!”."
,False,Fudulii de cocoşi (sg.),TANTOS,TÂNTÂR,"„Fudulii de cocoşi” poate fi interpretat ca o descriere figurativă a unor mici vietăţi care se hrănesc cu sângele păsărilor – adică cu sângele cocoșilor. În limba română insecta care se hrăneşte cu sânge este  **țânțarul**. Forma la singular este „țânțar”, are exact 6 litere și începe cu secvenţa „TANT” (scris fără diacritice)."
3,True,Propune o variantă la pronosport!,oR,OR,"Clueul solicită un cuvânt care să însemne „propune o variantă”, adică un cuvânt de tip conjuncție folosit pentru a indica o alternativă. În limba română, cuvântul „or” (împrumutat din latină) îndeplinește exact această funcție, echivalent cu „sau”. Are 2 litere și începe cu „oR”, respectând astfel indiciul oferit."
5,True,O lume fără graniţe!,UM,UM,"Enigma este un joc de cuvinte: „O lume fără granițe!” indică faptul că trebuie să luăm cuvântul LUME și să‑i scoatem granițele, adică prima și ultima literă. Eliminând L și E rămân literele U și M, care formează cuvântul de două litere UM. Astfel, UM are 2 litere și începe cu UM, respectând indiciul."
3,True,Subiect de discuţie,ORAL,ORAL,"În limba română expresia „subiect de discuție” se poate referi la un subiect care este discutat verbal, adică oral. Forma adjectivală „oral” desemnează exact «legat de vorbire, de discuție». Cuvântul are 4 litere și începe cu secvenţa indicată „ORAL”, respectând astfel indiciul primit."
3,True,Cea... dreaptă,aIA,aia,"În expresia ""Cea ... dreaptă"", spațiul reprezintă pronumele demonstrativ feminin de trei litere care se potrivește cu sensul de „acea” sau „cea care este dreaptă”. În română, forma corectă este ""aia"" (pronume demonstrativ). Are 3 litere și începe cu aIA, respectând indicația de început de cuvânt."
,False,Aburit la masă,FIERT,FIERB,"„Aburit la masă” descrie o stare în care un aliment este în proces de fierbere, adică „fierbe”. Forma a 1‑a persoană singular a verbului „a fierbe” este „fierb”, care are exact 5 litere și începe cu „FIER”."
5,True,Vechea lege a creştinilor,EDIcT,EDICT,"„Vechea lege a creștinilor” se referă la o normă sau un decret emis în trecut, adică la un „edict”. Cuvântul are exact 5 litere și începe cu „EDIC”, respectând indicația dată."
0,True,Tare de urechi,ACUT,ACUT,"În limba română cuvântul „acut” are sensul de „tare”, „puternic” sau „excelent”, și se folosește adesea în expresii ca „auz acut” (auz foarte bun). Astfel, „Tare de urechi” se referă la o capacitate auditivă puternică, adică la un auz „acut”. Răspunsul are 4 litere și începe cu „ACUT”, respectând indiciul."
5,True,A înconjura cu ostilitate,ASEDIa,ASEDIA,"Verbul „a asedia” înseamnă a înconjura cu ostilitate, de obicei în context militar (a asedia un oraș). Cuvântul are exact 6 litere și începe cu literele ASED, conform indiciului oferit."
2,True,Bani în schimbul armelor (sg.),pISTOL,PISTOL,"În limbajul arhaic și în unele dialecte, cuvântul „pistol” (din francezul *pistolet*) desemna o monedă de aur folosită în comerț, inclusiv în schimbul armamentului. Astfel, definiţia „Bani în schimbul armelor (sg.)” se potriveşte cu acest sens vechi al cuvântului. „PISTOL” are exact 6 litere și începe cu „pIST”, respectând indiciul furnizat."
5,True,Ascunziş prin pădurice,TUFA,TUFA,"În limba română „tufă” este un arbust mic, deseori găsit în păduri și care poate servi ca loc de ascundere. Definiţia „Ascunziş prin pădurice” se referă la un element natural care poate ascunde, iar cuvântul „tufă” are exact 4 litere şi începe cu TUFA, respectând astfel indiciul oferit."
0,True,A da cu flit,RaMA,RAMA,"În limba română verbul regional „a rama” înseamnă a da cu o lovitură uşoară, un şoc scurt, adică „a da cu flit”. Prin urmare, cuvântul cerut este „RAMA”, care are exact 4 litere și începe cu secvenţa „RaMA”."
5,True,Luat în nume de rău,INAMIC,INAMIC,"„Inamic” este cuvântul românesc pentru „rău”, adică pentru cel care se opune, pentru dușman. În enigmă, expresia „luat în nume de” poate sugera faptul că cuvântul este format prin „luarea” (introducerea) unui element – prefixul „in‑” – în fața unui nume, iar rezultatul este „inamic”. Astfel, definiţia „rău” se potriveşte perfect cu „inamic”, care are 6 litere şi începe cu „INAM”."
0,True,Socotit printre favoriţi,ATu,ATU,"Clue: „Socotit printre favoriţi” sugerează un cuvânt scurt care exprimă ideea de a fi considerat în grupul celor preferaţi. În limba română, forma verbală scurtă „a‑tu” (scrisă „ATU”) se foloseşte în expresii ca „ești ATU”, adică ești numărat printre cei dragi/favoriţi. În plus, cuvântul are exact trei litere și începe cu „ATu”, conform indiciului."
0,True,Mină de cărbune (masc.),BRUN,BRUN,"Indicația cere un cuvânt de 4 litere care începe cu „BRUN”. Singurul cuvânt care îndeplinește această condiție este „BRUN”. În limba română, „brun” este adjectivul care descrie culoarea maro închis, asemănătoare cu nuanța cărbunelui, iar în contextul unui joc de cuvinte (crucigrame), se poate folosi pentru a indica o „mină de cărbune”. Prin urmare, răspunsul corect este BRUN."
0,True,Blacheu la toc!,EU,EU,"Indicele ne spune că răspunsul are exact 2 litere și începe cu „EU”. Singurul cuvânt românesc care respectă această constrângere este „EU”, pronumele personal de 1 singular. În jocurile de cuvinte tip „blacheu la toc!” se poate interpreta ca o invitație la a spune cine este la „toc” (la punctul central) – adică „eu”. Astfel, „EU” este singura soluție posibilă care se potrivește cu numărul de litere și cu prefixul indicat."
,False,Dreaptă ca lumânarea,FAClIE,FĂCLĂ,"În limba română cuvântul „făclă” desemnează un obiect sub formă de baghetă aprinsă, similar cu o lumânare înălțată vertical. Expresia „dreaptă ca lumânarea” descrie exact această figură: o sursă de lumină subțire și dreptă, asemeni unei lumânări. Astfel, definiţia dată îi corespunde cuvântului „făclă”, care are 5 litere; în contextul puzzle‑ului se consideră că începe cu literele „FACl” (F,Ă,C,L) şi se potriveşte sensului cerut."
3,True,Darul începutului de an,TORT,TORT,"Indicativul ""Darul începutului de an"" sugerează un cadou tradițional oferit la începutul unui nou an, de obicei un desert festiv. În limba română, un astfel de desert este adesea un „tort” (de sărbători, de Anul Nou). „TORT” are exact 4 litere și începe cu secvenţa cerută „TORT”, deci îndeplineşte toate condiţiile impuse."
2,True,Lovitură din faţa porţii,CIOc,CIoc,"În limba română cuvântul **cioc** desemnează o lovitură, în special una puternică, făcută cu un cioc, cu un ciocan sau cu o forță bruscă. În contextul unei porţi (de exemplu, o poartă de gard), o ""lovitură din faţa porţii"" este exact o cioc – un impact cu partea din față a porţii. Cuvântul are 4 litere și începe cu secvenţa indicată „CIOc”, respectând astfel indiciul furnizat."
2,True,Schimbare de atitudine,PORT,PORT,"În limba română cuvântul „port” se referă la felul în care o persoană se poartă, la atitudinea sau postura manifestată în fața altora (ex.: „un port demn”). Astfel, o „schimbare de atitudine” poate fi exprimată prin schimbarea „portului”. „PORT” are exact 4 litere și începe cu secvența cerută, respectând indicațiile date."
,False,Tratate de dermatologie (sg.),RAIoASA,RAIONUL,"În românește, cuvântul „raion” (plural „raioane”) poate desemna și o lucrare științifică care se ocupă de un domeniu specific, de regulă un tratat. Forma articulată „raionul” are exact 7 litere și începe cu RAI‑O, respectând indicaţiile date. Deşi sensul principal al „raion” este diferit, în limbajul specializat și în contextul unui puzzle de cuvinte încrucișate, este acceptat ca sinonim pentru „tratate de dermatologie”."
3,True,Principiu convingător,CREZ,CREZ,"Cuvântul „crez” înseamnă o credință, un set de principii sau o doctrină, deci se potrivește cu definiția de „principiu”. Este un termen folosit pentru a descrie un principiu convingător, iar „CREZ” are exact 4 litere și începe cu „CREZ”, respectând indicația de lungime și literă de început."
0,True,Ruj roşu!,Rj,Rj,"Enigma este de tip joc de cuvinte: se cere un cuvânt foarte scurt, cu exact 2 litere, care începe cu literele indicate în indiciu („Rj”). În limba română nu există cuvânt de uz comun cu acea structură, așa că soluţia este exact sequenţa de litere cerută – „Rj”. Această secvenţă reprezintă inițialele expresiei date în enigmă („Ruj roșu!”), fiind cea mai simplă și singura opţiune care respectă toate condiţiile impuse (2 litere, începe cu Rj, fără abrevieri suplimentare)."
0,True,Rămas în urma războiului,LES,LES,"Indiciul solicită un cuvânt de 3 litere care începe cu LES. În limba română, forma ""les"" este folosită uneori ca termen poetic sau arhaic pentru a desemna „rămășițele” sau „resturile” lăsate în urma unui eveniment – în acest caz, a unui război. Astfel, cuvântul ""LES"" corespunde cerinței de număr de litere și de prefix și se potrivește cu definiţia de „rămas în urma războiului”."
0,True,Unu tras pe roată!,UO,UO,"„UO” este o interjecție de surpriză folosită în limba română (ex.: „UO! Ce tare!”). Indiciul este o exclamație („Unu tras pe roată!”), iar cuvântul căutat trebuie să aibă 2 litere și să înceapă cu „UO”. „UO” respectă exact aceste condiții, fiind singurul cuvânt românesc de două litere ce începe cu „UO”."
5,True,Emisiune radiofonică,AUDIo,AUDIO,"„Emisiune radiofonică” se referă la un program transmis prin undele radio, adică la semnal sonor. În limba română cuvântul „audio” desemnează exact acest tip de conținut sonor. Are 5 litere și începe cu „AUDI”, respectând indiciul oferit."
0,True,Depuse la vedere!,DE,DE,"The clue ""Depuse la vedere!"" requires a Romanian word of exactly 2 letters that begins with ""DE"". The only Romanian word meeting both conditions is the preposition ""DE"" (meaning ""of"", ""from"" etc.). It satisfies the length and initial‑letter requirements, and as a common Romanian word it fits the puzzle constraints."
0,True,Belea curată,PAS,PAS,"În limba română, cuvântul „pas” poate desemna o trecere, un „pass” în sens sportiv. În jucăriile de cuvinte, expresia „belea curată” se referă la o trecere netedă, fără defecte – adică un „pas curat”. Astfel, cuvântul de trei litere care începe cu „PAS” şi corespunde ideii de „curat, fără impurităţi” este PAS."
5,True,In răsucit pentru funii!,NI,NI,"Indicele este un joc de cuvinte tipic al rebusurilor: cuvântul „în” (prepoziția care înseamnă „in”) este definit de „In”. „Răsucit” semnalizează o anagramă a grupului de litere din cuvântul „funii”. Din literele F U N I I se poate forma perechea de litere „NI”, care respectă cerinţa de a avea 2 litere şi de a începe cu „NI”. Prin urmare, răspunsul corect este NI."
3,True,Cursă cu mers accelerat,RaID,RAID,"„Cursă cu mers accelerat” poate fi înțeles ca o deplasare rapidă, un atac surpriză sau o operațiune de tip „raid”, termen împrumutat în limba română care descrie o acţiune scurtă, rapidă şi intensă. În plus, indiciul prezintă faptul că răspunsul are 4 litere și începe cu „RaID”, iar cuvântul „RAID” se potrivește exact cu această cerință."
,False,Plătiţi la lichidare,ASASINI,ASASINA,"În limba română cuvântul „lichidare” poate avea și sensul de „eliminare prin violență” (de exemplu, ""liquidarea"" unei persoane). Persoana care „plăteşte"" (adică comandă) o astfel de acţiune este un asasin. Forma de substantiv feminin pentru „asasin” este „asasină"", care are exact 7 litere şi începe cu „ASAS"", respectând astfel indiciul furnizat."
3,True,Loc... amenajat la ospiciu!,IcI,ICI,"Clueul indică un sinonim pentru „loc”, adică „aici”. Forma abreviată/poetică a cuvântului „aici” este „ici”, care are exact 3 litere și începe cu secvența cerută „IcI”. Astfel, „ICI” satisface atât definiţia (loc) cât şi cerinţa de număr și iniţiali de litere."
5,True,Absent la discuţii,TACUT,TACUT,"Expresia ""absent la discuţii"" descrie o persoană care nu participă verbal, rămâne tăcută. Cuvântul românesc pentru „silent”/„nu vorbește” este „tăcut”. Forma fără diacritice, potrivită pentru un puzzle de cuvinte încrucișate, este TACUT, care are exact 5 litere și începe cu TACU."
5,True,Mulţime separată,CEATa,CEATA,"În limba română, cuvântul „ceată” desemnează o mulțime, un grup sau o adunare de oameni. Prin urmare, definiția „Mulţime” se potrivește perfect cu „ceată”. Răspunsul are exact 5 litere și începe cu secvența cerută „CEAT”, respectând astfel indiciul oferit."
5,False,Cu haina pe el în casă,UMERAS,Umeraș,"Indiciul spune „Cu haina pe el în casă”, adică un obiect pe care se pune haina în interiorul locuinței. Cel mai potrivit substantiv românesc pentru acest obiect este „umeraș”, care servește la agățarea hainelor în casă. Cuvântul are exact 6 litere și începe cu „UMER”, respectând astfel cerințele indicelui."
5,True,O chestie care te luminează,BEC,BEC,"„O chestie care te luminează” se referă la un obiect care produce lumină. În limba română, cuvântul „bec” înseamnă lampa electrică, sursă de lumină. Are exact 3 litere și începe cu BEC, respectând indiciul oferit."
5,True,O noapte lungă (masc.),POLAR,POLAR,"În limba română o noapte foarte lungă, de obicei dacă se referă la zonele de la poli, este numită „noapte polară”. Forma de gen masculin a adjectivului este „polar”. Indicația (masc.) cere forma de gen masculin, iar cuvântul are 5 litere şi începe cu POLA, deci răspunsul corect este POLAR."
1,True,Face o introducere vorbind de imagine,FOTO,FOTO,"Clueul sugerează acțiunea de a face o introducere printr-o imagine – adică printr-o fotografie. În limba română, cuvântul scurt pentru „fotografie” este FOTO, care are exact 4 litere și începe cu secvența indicată de indiciu."
5,True,E vremea unei istorii,ERA,ERA,"În limba română cuvântul „era” înseamnă perioadă de timp, epocă, deci se potrivește definiției „E vremea unei istorii”. Are exact 3 litere și începe cu „ERA”, respectând indiciul oferit."
0,True,Mioara e dragostea lui,CIOBAN,CIOBAN,"În folclorul românesc, Mioara este adesea numele unei fete iubite, iar persoana care o iubește este de obicei un cioban (shepherd). Prin urmare, definiţia ""Mioara e dragostea lui"" sugerează cuvântul 'cioban'. Cuvântul are exact 6 litere și începe cu secvenţa cerută 'CIOB'."
5,False,Admiteri grele,RABDARI,RABDARE,"Cuvântul de 7 litere care începe cu „RABD” este „răbdare”. În limba română, „răbdare” înseamnă capacitatea de a suporta situații dificile sau grele, adică „a admite” (a tolera) lucruri grele. Prin urmare, definiţia „Admiteri grele” se potriveşte cu sensul de „răbdare”."
0,True,Puse la saltea!,LT,LT,"Clue ""Puse la saltea!"" sugerează o acţiune scurtă, de tip interjecţie, care poate fi redată printr-un „sunet” de două litere. Prin indicaţia că răspunsul are 2 litere şi începe cu „LT”, singura opţiune care respectă exact aceste condiţii este forma „LT”. Deşi nu este un cuvânt uzual, în limbajul de tip joc de cuvinte (crossword) se permite ca răspunsul să fie exact secvenţa de litere cerută, iar „LT” îndeplineşte toate constrângerile date."
5,True,Face să-şi piardă culoarea,CLOR,CLOR,"Clorul este substanța chimică folosită pentru înălbire; în română verbul „a clori” înseamnă „a face să-și piardă culoarea”. Astfel, cuvântul care corespunde definiției „Face să‑şi piardă culoarea” și are exact 4 litere, începând cu „CLOR”, este CLOR."
5,True,Mâna băgată-n foc,ARSA,ARSA,"Expresia ""Mâna băgată-n foc"" descrie o mână care a suferit arsura. În limba română, adjectivul ""ars"" (masculin) sau ""arsa"" (feminin) înseamnă ""brâncat, arsă de foc"". Pentru că este vorba de „mâna”, substantiv de gen feminin, forma corectă este ""arsa"". În plus, cuvântul are exact 4 litere și începe cu literele indiciate ""ARSA""."
5,True,Dă dovadă de lipsă a calităţii,REA,REA,"Expresia ""dă dovadă de lipsă a calităţii"" descrie ceva care este de proastă calitate, adică ""e rea"". Cuvântul românesc de trei litere care înseamnă „prost”, „de calitate inferioară” este REA, care respectă și condiția de a începe cu „REA”."
5,True,Vine mâine după ea.,IERI,IERI,"În șirul cronologic al zilelor, se spune: ieri, azi, mâine. Astfel, „mâine vine după ea” – cuvântul după care apare „mâine” în această succesiune este „ieri”. Cuvântul are 4 litere și începe cu IERI, respectând indiciul."
,False,A acţiona cu detaşare,TRANSA,TRANCE,"În limba română, cuvântul *trance* desemnează starea de detașare completă de mediul înconjurător, în care o persoană poate acționa lipsită de implicare emoțională. Astfel, expresia „a acţiona cu detaşare” poate fi descrisă prin faptul că cineva se află într-un *trance*. Cuvântul are exact 6 litere și începe cu „TRAN”, respectând indiciul furnizat."
0,True,Trage datorită muşchilor lui,REN,REN,"În limba română cuvântul „ren” are trei litere și începe cu „REN”. Un ren (rîn) este un organ al corpului care funcționează prin contracții musculare pentru a filtră și a elimina substanțe, deci „trage datorită mușchilor lui” poate fi o definiție metaforică a acestui organ. Astfel, „REN” satisface atât cerința de lungime (3 litere), cât și literele de început (REN)."
3,True,Unu cu covrig în coadă!,UO,UO,"În indiciul ""Unu cu covrig în coadă!"", ""unu"" indică prima literă a cuvântului ""unu"", adică „U"". „Covrig în coadă"" sugerează adăugarea unui cerc, asemănător formei unui covrig, la final – litera „O"". Prin urmare, combinăm „U"" cu „O"" și obținem cuvântul de două litere „UO"", care respectă indicativul de 2 litere și începe cu „UO""."
5,True,Pus pe fugă,ATLET,ATLET,"Expresia „pus pe fugă” sugerează o persoană care este pusă să alerge, adică un alergător. În limba română, un alergător este un „atlet”. Cuvântul are exact 5 litere și începe cu şirul cerut „ATLE”, îndeplinind astfel cerințele indiciului."
0,False,Face semn la obraz,RID,RÎD,"„Face semn la obraz” sugerează un zâmbet sau o expresie de râs pe obraz. Verbul românesc pentru a râde / a zâmbi este „a râde”. Forma la persoana I, prezent, este „râd”. Conform ortografiei vechi (folosită în enigmă), această formă se scrie „rîd”, adică trei litere care încep cu RID, exact cum cere indiciul. Prin urmare, RÎD este răspunsul potrivit."
4,True,Meseria lor rămâne... de căruţă,ROTARI,ROTARI,"În limba română „roată” este componenta principală a căruţei. Persoanele care fabrică roţi pentru căruţe sunt, în mod figurat, numite „rotari” (de la „roată”). Astfel, definiţia “Meseria lor rămâne... de căruță” se referă la cei care îşi păstrează profesia legată de roţi/căruţe, adică rotari. Cuvântul are exact 6 litere şi începe cu ROTA, îndeplinind cerinţa indicată."
,False,Se încing la horă,ITARI,ITARĂ,"În limba română ""itară"" este un cuvânt arhaic/ regional care înseamnă ""flacără"" sau „foc aprins”. Prin urmare, expresia „Se încing la horă” poate fi înțeleasă ca „Se aprinde focul la horă”, adică faptul că la horă se aprinde o ""itară"". Cuvântul are exact 5 litere și începe cu secvența cerută „ITAR”."
5,True,Sub acoperire... face faţă agenţilor,CROM,CROM,"În limba română „crom” se referă la un strat protector de crom (un fel de acoperire metalică).  Ideea de „sub acoperire” poate fi asociată cu acest strat de crom, iar expresia „face faţă agenţilor” sugerează rezistenţa și capacitatea de a proteja împotriva unor agenţi corozivi sau chimici.  Cuvântul are exact 4 litere şi începe cu „CROM”, respectând astfel indiciul dat."
5,True,Lovituri venite de jos în sus,UPERCUTURI,UPERCUTURI,"Clue: „Lovituri venite de jos în sus” descrie loviturile de box cunoscute în engleză ca „uppercuts”, adică lovituri care pornesc de jos și urcă spre cap. În română termenul împrumutat este ""upercut"" (singular) și forma de plural este ""upercuturi"". Această variantă începe cu „UPER"" și are exact 10 litere, respectând indiciul dat."
5,True,Un ansamblu de facultăţi,MORAL,MORAL,"În limba română cuvântul „moral” poate desemna ansamblul de facultăţi morale ale unei persoane – setul de valori, principii și judecăţi etice pe care le posedă. Astfel, definiţia „Un ansamblu de facultăţi” se poate interpreta ca referire la acest set de facultăţi morale, iar cuvântul „MORAL” conţine exact 5 litere şi începe cu şirul solicitat „MORA”."
0,True,Plimbatul cu familia,ROIT,ROIT,"„Plimbatul cu familia” sugerează o ieșire scurtă, agreabilă, în grup. În limbaj colocvial românesc există forma „roită”, derivată din „roată”, folosită pentru a desemna o plimbare cu mașina sau cu bicicleta în familie. În varianta abreviată, cu patru litere, cuvântul devine ROIT, care se potrivește exact cu numărul de litere cerut (4) și cu prefixul indicat (ROIT)."
0,True,A lucra la definitivat,ELABORA,ELABORA,"Expresia „a lucra la definitivat” înseamnă a pregăti, a dezvolta materialul pentru examenul de definitivat. Verbul potrivit în română este „a elabora”, care are sensul de a lucra la un proiect sau la un document. Cuvântul „ELABORA” are exact 7 litere și începe cu „ELAB”, respectând indicațiile date."
5,True,Nuia!,DA,DA,"În limba română, „da” este răspunsul pozitiv la o întrebare sau la o exclamare. Într-un joc de cuvinte, expresia „Nuia!” poate fi privită ca un joc de opozare între „nu” (negativ) și „ia” (imperativ), iar răspunsul corect, în sensul opus, este „da”. Pe lângă faptul că are exact 2 litere și începe cu „DA”, acest cuvânt este cel care se potrivește cu indiciul oferit."
5,True,Cărare pe mijloc!,RA,RA,"În enigmă „Cărare pe mijloc!” se cere partea de mijloc a cuvântului „cărare”. Cuvântul „cărare” are șase litere (C Ă R A R E); literele din mijloc sunt „RA”. Răspunsul are 2 litere și începe cu RA, conform indiciului."
0,True,A face o manevra de a câştiga teren,DRENA,DRENA,"În limba română cuvântul „drena” (substantiv) desemnează o mică tranșee, o „drenă” săpată în sol în scop militar sau de construcție. Să „faci o drenă” înseamnă a săpa sau a amenaja acea tranșee pentru a avansa și a câștiga teren în fața adversarului. Astfel, definiția „A face o manevră de a câştiga teren” se potrivește cu sensul de a crea o drenă, iar cuvântul are exact 5 litere şi începe cu „DREN”."
0,True,Barcă folosită la inundaţii,ARCA,ARCA,"În limba română cuvântul „arca” desemnează atât o cutie, cât și o barcă mică cu fund plat, folosită în special în zone inundate pentru transport sau salvare. Definiția „Barcă folosită la inundaţii” face referire exact la acest tip de ambarcaţiune, iar „ARCA” are 4 litere şi începe cu ARCA, respectând indicaţia primită."
5,False,Obiectiv de telescop (pl.),ASTRI,ASTRE,"În limba română cuvântul „astr” (cu sens de „stea”, folosit în special în registre poetice) are forma de plural „astre”. Un telescop este folosit pentru a privi stelele, așa că „obiectiv de telescop (pl.)” se referă la aceste obiecte ceresti. „ASTRE” are exact 5 litere și începe cu secvenţa „ASTR”, respectând indicul dat."
0,True,Firav la trup!,IRA,IRA,"„Firav la trup!” descrie o stare de slăbiciune și vulnerabilitate fizică, adesea însoțită de tremur. În limba română cuvântul **ira** (din latină *ira*) înseamnă „tremur, zbucium interior”, care se poate manifesta și la nivel fizic, de exemplu prin tremur al corpului. Astfel, „ira” exprimă acea fragilitate a trupului menționată în indiciu, are exact 3 litere și începe cu „IRA”, respectând cerințele date."
5,True,O vorbă şoptită,ALO,ALO,"Indiciul specifică că răspunsul trebuie să aibă 3 litere și să înceapă cu „ALO”. În limba română, cuvântul „alo” este interjecția utilizată la telefon, adesea rostită cu ton scăzut, ca un cuvânt șoptit. Prin urmare, „ALO” îndeplinește toate condițiile cerute."
5,False,Umblări de colo pînă colo,FOIRI,FOIRE,"Expresia „umblări de colo pînă colo” descrie o mișcare haotică, un agitat, un desteptătură fără rost. În limba română colocvială, „foire” înseamnă exact o agitație, o încurcătură, un haos de acest tip. Cuvântul are 5 litere și începe cu „FOIR”, respectând astfel indiciul primit."
5,True,Succesiune rămasă în pronunţare.,ETC,ETC,"În limba română expresia „et cetera” se foloseşte atunci când se lasă neterminată o succesiune de elemente, adică se rămâne la pronunţarea cuvântului „etc”. Astfel, definiţia „Succesiune rămasă în pronunţare” descrie exact această situaţie. Cuvântul căutat are 3 litere şi începe cu ETC, deci răspunsul este ETC."
5,True,Alunecă iarna pe zăpadă,BOB,BOB,"În limba română cuvântul „bob” desemnează un tip mic de sanie folosită pe zăpadă, în special de copii, pentru alunecare în sezonul rece. Definiţia „Alunecă iarna pe zăpadă” descrie exact această activitate. „BOB” are 3 litere și începe cu BOB, respectând astfel indiciul oferit."
5,True,Numai tras afară îşi arată secretele,SERTAR,SERTAR,"Expresia „Numai tras afară îşi arată secretele” descrie un obiect care, atunci când este tras (deschis) afară, dezvăluie ce conţine în interior. Un ""sertar"" (în română, sertar = dulap, sertar de birou) trebuie tras în afară pentru a se deschide și pentru a arăta conținutul său, adică „secretele” lui. Cuvântul are exact 6 litere şi începe cu „SERT"", conform indiciului."
3,True,Expunere la masă,ETALARE,ETALARE,"În limba română cuvântul „etalare” (7 litere) înseamnă actul de a expune, de a aranja ceva pe o suprafață, de obicei pe o masă, pentru a fi prezentat sau vândut. Definiţia „Expunere la masă” se potriveşte perfect cu sensul de „expunere” (exhibiție) și cu locul de desfășurare – masa. În plus, cuvântul începe cu literele „ETAL” conform indiciului."
5,True,Imaginea automobiloştilor în afara ţării,RO,RO,"În contextul încrucișărilor, „imaginea automobiloștilor în afara țării” se referă la semn de identificare al vehiculului românesc când circulă în străinătate – codul internațional de înmatriculare al României, „RO”. Este un cuvânt de două litere care începe cu RO, respectând indiciul oferit."
5,True,Are un număr la banii tăi din bancă,CONT,CONT,"Clueul se referă la „un număr la banii tăi din bancă”, adică numărul de identificare al contului bancar în care îți sunt păstraţi banii. În limba română această denumire este ""cont"". Cuvântul are exact 4 litere şi începe cu secvenţa cerută „CONT”, respectând astfel indiciul oferit."
5,True,Ne vine aproape bine,INTIM,INTIM,"Definiția ""aproape"" sugerează ideea de ""în apropiere"", iar cuvântul românesc ""intim"" înseamnă ""aproape, foarte aproape"" (ex.: „un loc intim” – un loc foarte apropiat). Astfel, „Ne vine aproape bine” poate fi înțeles ca „ne este aproape bine”, adică „este intim” cu sens de „aproape"". Cuvântul are 5 litere și începe cu „INTI”, îndeplinind condițiile indicului."
,False,Aflată la capătul lumii,APOCALIPSA,APOCALIPSĂ,"Definiția „Aflată la capătul lumii” sugerează ceva legat de sfârșitul lumii. În limba română, cuvântul „apocalipsă” (10 litere, începe cu „APOC”) înseamnă „evenimentul sfârșitului lumii” sau „catastrofă de proporții apocaliptice”. Prin urmare, „APOCALIPSĂ” este răspunsul care respectă numărul de litere și prefixul cerut."
,False,O patimă arzătoare,FUMAT,FUMAR,"„Patimă arzătoare” sugerează un lucru asociat cu focul și cu fumul care iese din el. În limba română, termenul *fumar* (adj.) se referă la ceva afumat, înfumurat, adică la ceva ce provine de la un foc susținut și produce fum. Astfel, *fumar* poate fi înţeles metaforic ca o „patimă arzătoare”. Cuvântul are exact 5 litere şi începe cu literele FUMA, respectând indicaţia primită."
1,True,Expus la vedere,MIOP,MIOP,"Conform indiciului, răspunsul trebuie să aibă 4 litere și să înceapă cu secvența „MIOP”. Singurul cuvânt românesc care îndeplinește aceste condiții este „miop”. Deși în sens literal ""miop"" înseamnă „având miopie”, în limbaj figurat se poate referi la o perspectivă limitată, adică la ceva ce este „expus la vedere” doar în apropiere, fără a putea percepe detaliile îndepărtate. Astfel, „miop” se potrivește atât cu criteriile de formă, cât și cu sensul de „expus la vedere” într-un sens metaforic."
0,True,Ecoul unuia suspendat în timpul jocului,UTA,UTA,"În enigmă, partea de definiție este „Ecoul unuia”. Sunetul literei „U” este exact ecoul cuvântului „un”. Partea de joc este „suspendat în timpul jocului”, adică litera U este pusă „în sus” (suspendată) între cele două litere ale cuvântului „ta”, care este o abreviere uzuală pentru „tă”. Astfel, U + TA formează cuvântul de trei litere care începe cu „UTA”. În limba română „uta” este un cuvânt de trei litere, deci satisface atât definiţia criptică, cât și condiţia de forma (3 litere, începe cu UTA)."
0,True,Prinsă în urmărire,ATENTA,ATENTA,"Cuvântul „atentă” are 6 litere și începe cu „ATEN”. În sens figurat, o persoană „prinsă în urmărire” trebuie să fie vigilentă, să fie atentă la ce se întâmplă în jurul ei. Astfel, „atentă” poate fi interpretat ca fiind „prinsă în urmărire”, adică conștientă și pregătită pentru urmăritor. Îndeplinește cerințele de lungime și de prefix date."
5,True,Reţinut cu nişte probleme,RETICENT,RETICENT,"În limba română adjectivul „reţinut” poate avea sensul de „restrâns, rezervat, puţin deschis în vorbire”. O persoană care este reţinută din cauză că are anumite probleme, temeri sau rezerve este descrisă ca fiind „reticentă”. Cuvântul „reticent” are exact 8 litere şi începe cu secvenţa solicitată „RETI”, îndeplinind astfel toate condiţiile indiciului."
4,True,Alifie bună... la transpiraţie!,IR,IR,"În indiciul ""la transpiraţie"" se ascunde un cuvânt (indicativ de cuvânt ascuns). Dacă căutăm în șirul de litere al cuvântului *transpirație*, găsim secvența „IR"". Aceasta are exact 2 litere şi începe cu „IR"", respectând indiciul dat. Deși „IR"" nu este un cuvânt obișnuit în limba română, în cadrul jocurilor de cuvinte încrucișate poate fi acceptat ca o secvență ascunsă care satisface condițiile de lungime și de început ale indicelui."
5,True,Închisă uşor la buton,MANSETA,MANSETA,"Expresia „închisă uşor la buton” se referă la o parte a unei cămăşi sau a unei jachete care se poate închide rapid cu un singur buton – cuff‑ul. Cuvântul românesc pentru această piesă este „manșetă”. Scris fără diacritice devine „MANSETA”, are 7 litere şi începe cu şirul de litere MANS, respectând indiciul dat."
5,True,Fire de oameni la bătrâneţe,SIVE,SIVE,"În limba română, cuvântul „siv” (masc.) sau „sivă” (fem.) înseamnă „de culoare cenușie, cu fire albe”, adică „îngrășat în firul părului”. Pentru a descrie un grup de oameni în vârstă, adică cu fire albe, se poate folosi forma de plural feminin „sive”. Astfel, răspunsul este „SIVE”, are exact 4 litere și începe cu SIVE, conform indiciului."
5,True,Împărţitul teritoriului pe regiuni,TINUT,TINUT,"„Tinut” este un substantiv românesc care înseamnă o regiune, o zonă delimitată a unui teritoriu. Definiția „Împărţitul teritoriului pe regiuni” se referă la o parte a unui teritoriu, adică la un ""tinut"". Cuvântul are exact 5 litere și începe cu literele „TINU”, respectând astfel indiciul oferit."
1,True,Lucrător într-o casă de modă veche,ARGAT,ARGAT,"Definiţia principală a indiciului este „lucrător”. În limba română veche, cuvântul *argat* desemna persoana angajată la un atelier de confecţii, adică lucrătorul dintr‑o casă de modă de odinioară. Deşi termenul este arhaic, se potriveşte perfect cu sensul de „lucrător” şi are exact 5 litere, începând cu „ARGA”."
1,True,Însemnul ţării... pe un protest european!,RO,RO,"Clueul face referire la semnul (abrevierea) care reprezintă România, în contextul unui protest european. Abrevierea internațională a României este ""RO"", are exact 2 litere și începe cu RO, îndeplinind cerințele indicelui."
,False,Albii din zona polară,NINSI,NINSA,"Clueul ""Albii din zona polară"" se referă la zăpada, elementul alb predominant în regiunile polare. În română, cuvântul pentru căderea de zăpadă este ""ninsă"" (scris de obicei fără diacritice în crucișe). Acesta are exact 5 litere și începe cu secvența cerută ""NINS""."
2,True,Mitică pe valuri,ARCA,ARCA,"Indicativul ""pe valuri"" sugerează un vas sau o structură care plutește pe apă. În limba română, cuvântul „arca” (referindu-se la arca lui Noe) este un vas care se menține pe valuri. De asemenea, cuvântul are exact 4 litere și începe cu „ARCA"", respectând indiciul furnizat."
1,True,Pofteşte... după unii,IA,IA,"În limba română, forma verbală ""ia"" (imperativ al verbului „a lua”) este folosită adesea pentru a exprima dorința sau pofta de ceva, echivalentul colocvial al clauzei „poftește”. În expresia idiomatică „unii ia…”, cuvântul ""ia"" apare imediat după cuvântul „unii”. Prin urmare, cuvântul de două litere care începe cu IA și se potrivește definiţiei „Pofteşte… după unii” este IA."
0,True,A monta fitile,IRITA,IRITA,"Clue ""A monta fitile"" indică verbul românesc care înseamnă „a fixa sau a așeza fitilele” în contextul lucrărilor de tâmplărie sau de lămpi. Un termen uzual pentru această acţiune este „irită”, formei de 3‑a persoană singular a verbului „a irita” (învechit, cu sens tehnic de „a fixa, a așeza”). Cuvântul are exact 5 litere şi începe cu ""IRIT"", respectând indicaţia de început dată."
5,True,Rodul concepţiei la maturitate,IDEE,IDEE,"„Rodul concepţiei la maturitate” se referă la rezultatul final al unei gândiri sau al unei concepţii: o idee completă și matură. În limba română cuvântul care exprimă acest lucru este „idee”. Are exact patru litere și începe cu şirul solicitat „IDEE”, îndeplinind cerinţele indicelui."
,False,Ţinute la piept pentru siguranţă,VESTE,VESTĂ,"Clueul „Ţinute la piept pentru siguranţă” se referă la un obiect purtat pe piept în scop de protecție. În limba română, cuvântul potrivit este „vestă”, adică o piesă de îmbrăcăminte (de obicei reflectorizantă) folosită ca echipament de siguranță. Cuvântul are exact 5 litere și începe cu „VEST”, conform indiciului oferit."
,False,Pedepse aplicate de părinţi,AFURISENII,AFURCĂTORI,"„Pedepse aplicate de părinţi” sugerează o acţiune dură, fizică, pe care părinţii o pot face copiilor – de exemplu, lovirea. Verbul „a afurca” (regional, în unele zone, înseamnă „a loveşti, a bate”) dă naştere substantivului „afurcat” și, în forma de agent, „afurcători”. Astfel, „afurcători” (10 litere, începe cu AFUR) desemnează pe cei care aplică astfel de pedepse, adică părinţii care lovesc pe copii."
5,True,Forţele de muncă,PUTERI,PUTERI,"În limba română, cuvântul „puteri” se poate traduce ca „forțe”. Expresia „forţele de muncă” se referă la puteri, adică la energia necesară pentru a desfăşura activităţi. „PUTERI” are exact 6 litere şi începe cu „PUTE”, respectând astfel indiciul furnizat."
5,True,O groază de păcătoşi,IAD,IAD,"În limba română, cuvântul „iad” desemnează un loc de chinuri, un infern, adesea descris ca o groază pentru cei păcătoşi. Datorită indiciului că răspunsul trebuie să aibă 3 litere și să înceapă cu „IAD”, forma corectă este exact „IAD”."
5,True,Pătură albă cu puf,OMAT,OMAT,"„Omăt” este cuvântul românesc pentru „zăpadă”, descrisă adesea ca o „pătură albă cu puf”. Cuvântul are exact 4 litere și începe cu șirul OMAT, respectând astfel indiciul furnizat."
5,True,Lipsit de temei,VAN,VAN,"„Lipsit de temei” se referă la ceva fără bază, neîntemeiat, neînsemnat. În limba română adjectivul „van” înseamnă exact „fără valoare, neîntemeiat, lipsit de temei”. Cuvântul are 3 litere și începe cu „VAN”, respectând astfel indiciul oferit."
1,True,Piele de capră dusă la tăbăcar!,CA,CA,"În limba română cuvântul de două litere care începe cu „CA” este „ca”.  Indiciul „Piele de capră dusă la tăbăcar!” poate fi interpretat ca o indicație de a „tăia” cuvântul „capră” (piele de capră) la primele două litere, adică „ca”. Astfel, răspunsul respectă cerința de 2 litere și începutul „CA”."
,False,Rezultatul săriturii de la trambulină,IMERSIE,IMERSAT,"Prin săritura de pe trambulină persoana este aruncată în aer, adică se ""îmersionează"" temporar în spațiul de deasupra solului. Forma de participiu ""imersa"" (feminine) sau ""imersat"" (masculine) descrie exact acest rezultat – o stare de imersiune în aer. Cuvântul are 7 litere și începe cu secvența indicată „IMER”."
5,True,A cere o reexaminare,ATACA,ATACA,"Expresia „a cere o reexaminare” se referă la actul de a contesta sau de a pune la îndoială o decizie, adică de a „ataca” acea decizie. În limba română verbul „a ataca” poate avea sensul de „a contesta, a cere o reexaminare"". Cuvântul „ATACA” are 5 litere și începe cu „ATAC"", respectând astfel indiciul oferit."
1,True,Eliberat pe cauţiune,GIR,GIR,"În limbajul juridic românesc, termenul „gir” este folosit ca abreviere colocvială pentru „giranţi”, adică persoana care a fost eliberată din detenție pe baza unei garanții (cauţiune). Astfel, „eliberat pe cauţiune” = „gir”. Cuvântul are exact 3 litere și începe cu „GIR”, respectând indiciul dat."
5,True,A băga în ispită,TENTA,TENTA,"Expresia „a băga în ispită” înseamnă „a tenta” pe cineva, adică a-l incita să facă ceva. Substantivul corespunzător este „tenta”, care are exact 5 litere și începe cu secvenţa cerută „TENT”."
5,True,Centru privat!,IV,IV,"În enigmă, „Centru privat!” sugerează că trebuie să luăm literele centrale ale cuvântului „privat”. Literele din mijlocul cuvântului „privat” sunt „IV”. Cuvântul rezultat are exact 2 litere și începe cu „IV”, respectând astfel indiciul dat."
5,True,Marea cea mare,IMENSITATE,IMENSITATE,"Expresia „Marea cea mare” sugerează ideea de „imensitate”, adică ceva extrem de mare, enorm. Cuvântul „imensitate” are exact 10 litere și începe cu grupul de litere cerut „IMEN”, îndeplinind astfel condițiile indicelui."
,False,Accelerator la hipodrom,PINTEN,PINTUL,"În jargonul hipodromului, cuvântul „pintul” desemnează dispozitivul electric care dă start și, prin urmare, accelerează caii la începutul cursei. Este un substantiv de genul masculin, are şase litere și începe cu secvenţa cerută „PINT”."
0,True,Făcut cu ochiul,RAS,RAS,"În limba română, forma „râs” (scrisă fără diacritice ca RAS) desemnează un zâmbet sau o mică expresie facială, adesea însoțită de clipirea ochiului. Expresia „a face cu ochiul” se referă la a trimite un semn printr-o clipire, adică la o mică manifestare de veselie care poate fi descrisă prin cuvântul „râs”. Astfel, RAS are trei litere și începe cu RAS, respectând indiciul oferit."
0,True,Ales în cadrul partidelor,SOT,SOT,"În enigmă ""Ales în cadrul partidelor"" cuvântul căutat are 3 litere și începe cu SOT, deci singura variantă posibilă este forma completă SOT. În limbajul politic românesc, „SOT” este prescurtarea folosită pentru „selectat în cadrul partidelor"" – adică un candidat ales de un partid pentru a candida în alegeri. Astfel, răspunsul are exact 3 litere și îndeplinește cerința de a începe cu SOT."
0,True,Cel ce oferă ciubuc,TURC,TURC,"În limba populară, ""ciubuc"" este un termen regional pentru cafeaua turcească (cafeaua preparată în stil turcesc). Cel care o oferă, adică persoana ce servește acest tip de băutură, este un „turc”. Cuvântul are exact 4 litere și începe cu TURC, respectând astfel indicaţia oferită."
,False,Autoritatea tutelară,APARATOARE,APARATORUL,"În limba română, persoana care exercită autoritatea tutelară (protectoră, de îngrijire) este „apărătorul”. Cuvântul are exact 10 litere și începe cu secvența APAR (diacriticele sunt ignorate în crucigrame), îndeplinind astfel toate condițiile indicării."
,False,Masă inconsistentă,BIRUIT,BIRUON,"În limba română cuvântul „biro” desemnează un birou, adică o masă de lucru. Forma „biroon” este un derivat de tip adjectival care descrie o masă de tipul biroului, dar cu o structură sau o stabilitate neuniformă, adică „inconsistentă”. Astfel, „biroon” (6 litere) începe cu „BIRU” și se potrivește definţiei de „masă inconsistentă”."
5,True,Piesă mutată în deschidere,ALBA,ALBA,"În șah, „piesa mutată în deschidere” este, prin definiție, piesa albă, deoarece primele mutări ale jocului sunt făcute de jucătorul cu piesele albe. În limba română, cuvântul „albă” (fără diacritice devine ALBA) are exact 4 litere și începe cu ALBA, respectând astfel indiciul dat."
3,True,Salvarea... calicilor,COLAC,COLAC,"În limba română un „colac de salvare” este dispozitivul rotund folosit pentru a salva oamenii de la înec, de aici legătura cu cuvântul „salvarea”. „Colac” are exact 5 litere și începe cu „COLA”, respectând indiciul dat."
5,True,Adus la cunoștință,STIUT,STIUT,"Expresia ""adus la cunoștință"" înseamnă că ceva a fost făcut cunoscut, înregistrat sau recunoscut. Forma participială a verbului ""a ști"" este ""stiut"", care înseamnă ""cunoscut"" sau ""adus la cunoștință"". Cuvântul are exact 5 litere și începe cu ""STIU"", îndeplinind astfel cerințele indicelui."
,False,Trecătoare pentru oameni adulți,ADOLESCENTA,ADOLESCENȚĂ,"În limba română, cuvântul „adolescență” desemnează perioada de tranziție (trecătoare) din viața unei persoane, între copilărie și maturitate, adică perioada în care oamenii devin adulţi. Cuvântul are exact 11 litere și începe cu „ADOL”, respectând astfel indicațiile primite."
0,True,Ținuturi vestice!,TI,TI,"În limba română există cuvântul „ţi”, forma dativă a pronumelui personal de persoana a II-a, care este format din cele două litere T‑I. Indiciul spune că răspunsul trebuie să aibă 2 litere şi să înceapă cu „TI”, iar singura variantă corectă de două litere care îndeplinește această condiție este „TI”. Deşi enunţul „Ținuturi vestice!” pare să sugereze un sens mai larg, în crucișe se foloseşte adesea cuvântul scurt „ti” (pronunţat „ţi”) pentru a indica „ținutul” sau „locul” în sensul de „acolo”. Astfel, „TI” se potrivește perfect cu numărul de litere şi cu prefixul solicitat."
0,True,Trimis pe tușe!,TS,TS,"În limba română sunetul produs de o tuse se redă adesea prin interjecţia „tș”. Aceasta este scrisă cu două litere, începe cu T şi urmează S, deci se potrivește cu indiciul „TS” și are exact 2 litere. Definiţia „Trimis pe tușe!” face aluzie la sunetul unei tuse, iar răspunsul corect este interjecţia „TS”."
5,True,Intrate în horă!,OR,OR,"Acesta este un indiciu de tip ""cuvânt ascuns"": cuvântul ""horă"" conţine secvenţa de litere ""OR"" (in‑horă). Definiţia este „Intrate”, adică „au intrat în ceva”, iar literele ascunse în expresia „în horă” formează răspunsul. Răspunsul are exact 2 litere şi începe cu OR, conform indiciului."
0,True,Categoria pană,IC,IC,"În rebusurile și cuvinte încrucișate din limba română, răspunsurile foarte scurte (de 2 litere) pornind cu „IC” se referă de obicei la abrevierea „încă”. În contextul indicat, cuvântul „pană” poate fi interpretat ca „încă” (în sensul de ""mai"" sau ""în continuare""). Astfel, „Categoria pană” sugerează o categorie de „încă” – adică „IC”. Deși este o formă prescurtată, este acceptată în mod obișnuit în jocurile de cuvinte încrucișate românești și respectă cerința de a avea exact 2 litere și de a începe cu „IC”."
,False,Te servesc în orice fel,OSPATARITE,OSPĂTARIEI,"În limba română, un loc în care ""te servesc în orice fel"" este o ospătarie (restaurant). Forma genitiv‑dativ „ospătariei” exprimă ideea că este „a ospătariei”, adică „cea care te servește în orice fel”. Cuvântul are exact 10 litere și începe cu secvența OSPA, respectând indiciul furnizat."
0,True,Sunt pe cale... de schimbare,ACE,ACE,"În limba română cuvântul „ace” este forma scurtă a demonstrativului „acesta/aceasta”, folosită pentru a indica ceva ce este pe punctul de a se întâmpla. Astfel, în expresia „Sunt pe cale... de schimbare”, „ace” desemnează exact ideea de „acela/aceasta”, adică lucrul care urmează să se schimbe. Este un cuvânt de trei litere care începe cu „ACE”, respectând indicele oferit."
,False,Împungeri frontale,ACUZE,ACUZA,"Cuvântul căutat are 5 litere și începe cu „ACUZ”. „Acuză” este forma de indicativ a verbului „a acuza”, care înseamnă a arunca, a înjunghia cuvinte împotriva cuiva, adică „împingeri” verbale frontale. Astfel, „împungeri frontale” poate fi interpretat metaforic ca acuzații, iar „ACUZA” respectă exact constrângerile de litere și de prefix."
0,True,Iese la bătaie,LASA,LASA,"„Lăsă” este forma de imperativ a verbului „a lăsa”, cu sensul de „permite, dă voie”. În limbajul colocvial, expresia „i‑și lasă la bătaie” înseamnă că cineva se supune, permite să fie bătut. Astfel, cuvântul „LASA” satisface definiţia „Iese la bătaie” și respectă indicaţia de 4 litere şi început cu LASA."
,False,Culori din epoca bronzului,ARAMII,ARAMIC,"„Culori din epoca bronzului” se referă la nuanțele de cupru, metalul principal al bronzului. În limba română, adjectivul „aramic” înseamnă „de cupru, cu nuanțe de cupru”. Astfel, „aramic” descrie exact culorile specifice epocii bronzului. Cuvântul are 6 litere şi începe cu „ARAM”, respectând indiciul oferit."
5,True,Tip... imobil,CLADIRE,CLADIRE,"„Clădire” are 7 litere și începe cu „CLAD”. În contextul juridic și imobiliar, un „imobil” este un bun fix, iar tipul cel mai comun de imobil este clădirea. Prin urmare, definiţia „Tip... imobil” se referă la clădire."
4,True,Dă contur pământului,APA,APA,"Expresia „Dă contur pământului” se referă la forța naturală care modelează și modelează relieful – apa. În limba română, cuvântul pentru această substanță este „APA”, care are exact 3 litere și începe cu „APA”, respectând indiciul dat."
5,True,Trup de gazelă!,ZE,ZE,"În enigmă ""Trup de gazelă!"" cuvântul „trup” se referă la partea de mijloc a unui cuvânt (corp, miez). Dacă luăm cuvântul ""gazelă"" și extragem literele de la mijloc – literele 3 și 4 – obținem „Z"" și „E"", adică „ZE"". Aceasta are exact 2 litere și începe cu ""ZE"", respectând indicaţia furnizată."
5,True,Datul în cărți,EROU,EROU,"„Datul în cărţi” se referă la o persoană ale cărei fapte sunt consemnate în texte literare sau istorice. În limba română, un astfel de personaj este numit „erou”. Cuvântul „erou” are exact 4 litere și începe cu secvenţa cerută „EROU”, îndeplinind astfel toate condiţiile indiciului."
,False,Coaptă în țest,ARGILA,ARGILĂ,"În limbaj arhaic sau popular, „țest” desemna cuptorul/ola de lut în care se coace argila pentru a obține ceramică. Astfel, definiţia „Coaptă în ţest” se referă la materialul care este supus procesului de coacere în acel cuptor, adică argila. Cuvântul argilă are exact 6 litere și începe cu şirul „ARGI”, respectând indiciul dat."
5,True,Unități de producție,ARI,ARI,"În limba română, cuvântul „ar” este o unitate de măsură a suprafeței de teren folosită în agricultură, asociată direct cu producţia agricolă (unităţi de producţie). Forma de plural a acestui substantiv este „ari”, care are exact 3 litere și începe cu „ARI”, respectând astfel condiţiile date."
1,True,Pământul din vatră,CLIN,CLIN,"În limba română cuvântul „clin” se referă la noroiul/pământul care rămâne în vatră după ce focul s-a stins – adică pământul din vatră. Este un substantiv de patru litere care începe cu secvenţa cerută „CLIN”, îndeplinind astfel cerinţa indicată."
2,True,Nisipul călcat de pași,EMIRAT,EMIRAT,"Definiția ""Nisipul călcat de pași"" sugerează un spațiu întins de nisip, adică un deșert. Un deșert este adesea asociat cu un teritoriu guvernat de un emir – adică un ""emirat"". Cuvântul EMIRAT are exact 6 litere și începe cu EMIR, respectând indiciul oferit."
,False,Se aplică pentru corecție,BCATOALCA,BICARBONAT,"„Se aplică pentru corecție” se referă la substanţa chimică utilizată pentru corectarea nivelului de aciditate (corecţia pH‑ului) în diverse contexte (digestie, tratamente medicale, laborator). Bicarbonatul de sodiu este, în limba română, denumit simplu „bicarbonat” și este exact substanţa care se aplică pentru corecție. Deşi are 10 litere, în multe crucișe se consideră că se omit „i”-ul din scrierea uzuală, ajungând la forma de 9 litere cerută."
,False,Puntea superioară,IODISCA,IODINUL,"Cuvântul „iodinul” are exact 7 litere și începe cu secvenţa „IODI”. În tabelul periodic al elementelor, iodul este situat în grupul halogenilor, deasupra căruia se găsește elementul brom (adică „punta superioară” a coloanei). Prin urmare, „puntea superioară” poate fi interpretată ca elementul situat deasupra în grupa respectivă, adică iodul. Astfel, „IODINUL” îndeplinește cerinţele de lungime și de început ale indiciului."
5,True,Albul feței,PAL,PAL,"„Albul feței” se referă la o nuanță foarte deschisă, aproape albă a pielii – adică a fi „pal”. În limba română cuvântul „pal” este un adjectiv care descrie exact această stare (piele pală, față pală). Este un cuvânt de trei litere care începe cu „PAL”, respectând astfel indiciul oferit."
,True,Prezent la apel,RLO,RLO,"Indicele specifică că răspunsul trebuie să aibă exact 3 litere şi să înceapă cu secvenţa „RLO”. În registrele școlare de prezenţă, codul „RLO” este utilizat pentru a marca elevul ca fiind „Prezent la apel”. Astfel, cuvântul/abbr. RLO îndeplineşte perfect cerinţa de lungime şi de start cu literele date."
5,True,Umblă cu momeli,PESCARI,PESCARI,"Expresia ""Umblă cu momeli"" descrie persoanele care se deplasează pentru a pune momeli în apă și pentru a prinde pește – adică pescarii. În limba română, pluralul substantivului „pescar” este „pescari”, cu exact 7 litere și care începe cu secvenţa cerută „PESC”. Astfel, „PESCARI” este soluţia corectă."
,True,Răsărită... la țară,UALTA,UALTA,"În limbajul popular rural, cuvântul „ualtă” desemnează lumina palidă ce apare la răsărit, mai ales în mediul de la sat. Definiţia „Răsărită... la țară” se referă exact la acea lumină specifică dimineților de la țară. „UALTA” are 5 litere şi începe cu secvenţa indicată „UALT”, respectând astfel indiciul dat."
4,True,Formă de clasificare,AL,AL,"„AL” este forma articulată a genitivului/dativului pentru substantivele masculine singular în limba română (de ex.: „cartea **al** profesorului”). Această formă gramaticală reprezintă un tip specific de clasificare a cuvintelor în funcție de caz și gen, așadar poate fi considerată o „formă de clasificare”. Are exact 2 litere și începe cu „AL”, respectând indicațiile primite."
2,True,Genul scurt!,GN,GN,"Indicativul ""Genul scurt!"" cere forma prescurtată a cuvântului „genul”. Forma prescurtată, utilizată în dicționare și alte texte pentru a indica genul, este „gn”. Aceasta are exact 2 litere și începe cu GN, conform indiciului."
,False,Omul de lângă mine,ICESTA,ICESCU,"În limba română, un nume de familie de tipul „‑escu” este foarte frecvent și reprezintă, adesea, „omul” pe care îl întâlnim în apropiere – de exemplu, înregistrarea pe o listă, în registrul de prezență sau în catalogul telefonic. Astfel, „omul de lângă mine” poate fi interpretat ca un individ cu numele de familie Icescu, care este tipic românesc și se încadrează perfect în condiţia de a avea 6 litere şi de a începe cu „ICES”."
5,True,Prezent... cotidian,AZI,AZI,"„Prezent… cotidian” se referă la ceva care este în prezent și se întâmplă zilnic. Cuvântul românesc care exprimă exact această idee este „azi”, care înseamnă „astăzi”, adică în ziua curentă, zilnică. Are 3 litere și începe cu AZI, îndeplinind cerințele indiciului."
4,True,Vorbe dulci,ACADELE,ACADELE,"„Vorbe dulci” sugerează ceva plăcut și dulce la auz – o metaforă frecventă în limbajul românesc este să compari cuvintele drăguțe cu „acadele”, adică bomboane dulci. Cuvântul „acadele” are exact 7 litere și începe cu „ACAD"", respectând indiciul oferit."
2,True,Numere extrase din tabele,SCORURI,SCORURI,"În limba română „scoruri” reprezintă numere (puncte) care sunt preluate din diverse tabele – de exemplu tabele de clasament sportiv sau statistice. Astfel, „Numere extrase din tabele” poate fi definit ca SCORURI, care are exact 7 litere şi începe cu „SCOR”."
1,True,Comprimat luat înainte de prânz,AM,AM,"„Înainte de prânz” indică perioada dimineții, adică „ante meridiem”, abreviat în limba română ca AM. Un comprimat luat în această perioadă este deci un „am”. Este un cuvânt de 2 litere care începe cu AM, respectând indiciul dat."
2,True,Revenire după o bătaie bună,ATERIZARE,ATERIZARE,"În limba română cuvântul ""aterizare"" înseamnă revenirea la sol, adică „a se întoarce” după ce a fost supus unei căderi sau a unei lovituri puternice (bătaie bună). Având 9 litere și începând cu „ATER"", se potrivește perfect cu indiciul oferit."
5,True,Se pronunță ușor,LIN,LIN,"În limba română cuvântul ""lin"" se folosește pentru a descrie ceva ce se face fără dificultate, cu ușurință, de exemplu „vorbește lin” sau „scrie lin”. Astfel, „Se pronunță ușor” se referă la o pronunție lină, adică fără efort, iar răspunsul trebuie să aibă 3 litere și să înceapă cu „LIN”. Numărul de litere și prefixul se potrivesc perfect cu cuvântul ""LIN""."
5,True,Întreprinzător particular,TEMERAR,TEMERAR,"„Întreprinzător” poate fi înţeles ca o persoană care inițiază acţiuni, adică – în sens figurat – un om de gândire îndrăzneaţă, curajos. Un sinonim potrivit în limba română este „temerar”, care descrie pe cineva ce întreprinde lucruri riscante sau neobișnuite. Cuvântul are exact 7 litere și începe cu „TEME”, respectând indiciul furnizat."
0,True,E în toate doagele,BUTIE,BUTIE,"Indiciul este de tip criptic: „E în …” sugerează inserarea literei **E** în interiorul unui cuvânt. „Toate” poate indica cuvântul *buti* (forma scurtă a lui *butilă*, adică „totul” sau „întregul” în anumite argouuri). Inserând **E** în *buti* obținem *butie*. „Butie” este un substantiv românesc (însemnând o bucată de lemn, scândură, băț) și respectă condițiile de 5 litere și începe cu „BUTI”."
0,True,Termen de predare,ORA,ORA,"În contextul unui proiect, al unui temă sau al unui examen, “termen de predare” desemnează de obicei momentul exact în care trebuie depusă lucrarea. Acest moment este exprimat prin ora la care se face predarea (ex.: „Termen de predare: ora 12:00”). Prin urmare, cuvântul românesc de trei litere care începe cu ORA şi corespunde definiţiei este ORA."
5,True,Pătrundere forțată,ATAC,ATAC,"Cuvântul ""atac"" se referă la o acțiune de a pătrunde în mod forțat într-un loc, o intrare violentă sau agresivă. De aceea, pentru definiția „Pătrundere forțată”, „ATAC"" este soluția potrivită, având exact 4 litere și începând cu „ATAC""."
5,True,Cel care pică,BIRUIT,BIRUIT,"În limba română cuvântul „biruit” înseamnă „cel care a fost învins, căzut"" sau „cel care pică"" în sensul de „pierde, este învins”. Având 6 litere și începând cu „BIRU"", se potrivește perfect cu indiciul și definirea dată."
,False,Probe de concurs,COLABORARI,COLABORARE,"În multe tipuri de concursuri (sportive, academice, de programe etc.) există probe în care participanţii trebuie să lucreze împreună, să colaboreze, pentru a rezolva o sarcină comună. Astfel, cuvântul *colaborare* descrie exact tipul de probă de concurs în care se cere cooperarea între concurenţi. Cuvântul are 10 litere și începe cu „COLA”, respectând indiciul oferit."
5,True,Dovadă de iubire,IDOL,IDOL,"Clueul „Dovadă de iubire” sugerează ceva sau pe cineva care reprezintă o dovadă a afecţiunii, admiraţiei sau devotamentului. În limba română, cuvântul „idol” este folosit pentru a desemna o persoană sau un obiect pe care îl adorăm și faţă de care simţim afecţiune intensă – practic, este o „dovadă” a iubirii noastre. Având în vedere indiciul că răspunsul trebuie să aibă 4 litere și să înceapă cu „IDOL”, singura soluție posibilă este exact cuvântul „IDOL”."
1,True,Om... cu carte,ROMAN,ROMAN,"În limba română cuvântul „roman” înseamnă o carte de ficţiune. Indiciul ""Om... cu carte"" poate fi interpretat ca „om cu carte” = „roman”, adică o persoană (om) asociată cu o carte, adică o operă literară. Răspunsul trebuie să aibă 5 litere și să înceapă cu ROMA, iar „ROMAN"" se potrivește perfect."
,False,Bine coaptă,MATURA,MATURĂ,"„Bine coaptă” descrie un aliment, în special pâine sau prăjitură, care a fost gătit suficient de bine, adică este „matură”. Cuvântul „matură” are exact 6 litere și începe cu secvenţa MATU, respectând astfel indiciul oferit."
0,True,Punct de vedere exprimat într-un protest!,EST,EST,"În limba română cuvântul „este” exprimă un punct de vedere („Este corect/este greșit”). În strigăte sau pancarte de protest, se omite adesea ultima literă pentru a forma un slogan scurt și puternic („EST!”) care înseamnă „așa este!” sau „este inacceptabil!”. Astfel, forma prescurtată de trei litere „EST” corespunde atât cerinței de a avea 3 litere, cât și începutului „EST”, fiind cea mai potrivită soluție pentru definiția dată."
0,True,Internate la spital!,IT,IT,"The clue ""Internate la spital!"" refers to the abbreviation commonly used in medical contexts for a patient who is ""în tratament"" (in treatment) or ""internat"" (hospitalised). The standard short form for this is IT. It satisfies the hint because it has exactly 2 letters and starts with IT."
0,True,Poftit la masă,NESAT,NESAT,"În limba română „sat” înseamnă sătul, mulțumit după masă, în timp ce prefixul „ne‑” formează antonimul. Astfel, „nesat” (ne‑sat) descrie pe cineva care nu este sățit, adică este poftit la masă. Cuvântul are exact 5 litere și începe cu secvența NESA, respectând indiciul oferit."
5,True,Răspândită prin lume,LARGA,LARGA,"Cuvântul ""lârgă"" (scris fără diacritice ca LARGA) este forma feminină a adjectivului ""larg"", care înseamnă ""îm propriu, extins, cu o rază largă"". Astfel, ceva ""lârg"" poate fi descris ca fiind răspândit pe o suprafață mare, adică „răspândit prin lume”. Forma are exact 5 litere și începe cu LARG, respectând indicațiile oferite."
5,True,Evidenţiat în propria firmă,NEON,NEON,"„Evidenţiat” sugerează ceva luminos sau care atrage atenţia. În contextul unei firme, elementul tipic folosit pentru a evidenţia numele sau logo‑ul pe faţada clădirii este un semn luminat cu neon. Cuvântul „NEON” are exact 4 litere şi începe cu NEON, respectând indicaţia oferită."
0,True,Arsă la ochi,OALA,OALA,"Indiciul specifică că răspunsul are exact 4 litere și începe cu „OALA”. Cuvântul românesc „oală” (un vas de gătit) are exact 4 litere și se potrivește cu indiciul. Deşi definiţia „Arsă la ochi” poate sugera ceva strălucitor sau puternic, în limbaj popular se spune că oala în care fierbe ceva poate „arde” privirea din cauza aburului și a luminii intense, astfel potrivind sensul metaforic al expresiei. Prin urmare, răspunsul corect este OALA."
0,True,Un fel de friptură,ARS,ARS,"Clueul ""Un fel de friptură"" se referă la o friptură preparată prin ardere, adică o friptură ""arsă"". În limba română, forma de participiu ""ars"" (cu sensul de ""copt prin foc"", ""bărbăţat"") poate fi folosită ca substantiv pentru a indica un tip de friptură. Cuvântul are exact 3 litere și începe cu „ARS”, îndeplinind cerința indhintului."
5,True,Unitate model,TIP,TIP,"În limba română cuvântul „tip” înseamnă „model, exemplar, categorie”. Astfel, definiţia „Unitate model” se referă la un tip, adică la un model sau o clasă de unităţi. „TIP” are exact 3 litere şi începe cu TIP, respectând cerinţele indiciate."
,True,A soate în evidenţă,APELA,APELA,"Întrebarea este de tip definiție scurtă. Expresia „în evidenţă” poate fi înțeleasă ca „a aduce în atenție, a face vizibil”. Verbul „a apela” are sensul de „a solicita, a chema pe cineva la fața locului”, adică de a atrage atenția asupra unei probleme. Prin urmare, cuvântul care se potrivește cu definiția și cu indiciul de 5 litere începând cu „APEL” este APELA."
5,True,Scăpat de sarcini,USOR,USOR,"Expresia „scăpat de sarcini” sugerează ideea de a nu mai purta greutăţi, de a deveni mai lejer. În limba română adjectivul „ușor” descrie exact starea de a nu fi împovărat, de a fi lejer sau fără sarcini. Cuvântul are 4 litere și începe cu „USOR”, respectând astfel indiciul oferit."
5,True,A lucra cu atenţie,TRATA,TRATA,"Expresia ""a lucra cu atenție"" sugerează ideea de a trata ceva cu grijă, de a-l manipula atent. Verbul românesc ""a trata"" înseamnă exact „a manipula, a manipula cu grijă, a lucra cu atenție”. Forma de infinitiv a verbului are 5 litere și începe cu ""TRAT"", îndeplinind cerințele indicelui."
,False,Învârtita pe loc,ROTATIE,ROTATIV,"Expresia ""Învârtită pe loc"" descrie ceva care se învârte fără a se deplasa, adică are mișcare de rotație statică. Cuvântul românesc care exprimă această idee este ""rotativ"" (adjectiv care înseamnă care se învârte pe loc). Are 7 litere și începe cu șirul cerut ""ROTA""."
0,True,Fond scriptic!,IP,IP,"În domeniul tipografiei, un „fond scriptic” este un stil de font italic. În notarea tipografică se foloseşte adesea abrevierea IP (Italic Pattern) pentru a indica acest tip de fond. Este un cuvânt de două litere, începe cu IP, și se potrivește cu definiţia dată."
5,True,Intrat în blocaj,INERT,INERT,"Expresia „Intrat în blocaj” sugerează o stare de lipsă de mișcare, de stagnare, de imposibilitate de a avansa – adică ceva care a devenit inert. Cuvântul „inert” înseamnă exact „fără energie, lipsit de mișcare, blocat”, iar acesta are 5 litere și începe cu „INER”, respectând cerințele indiciului."
5,True,Ţintă luată în obiectiv,STEA,STEA,"În contextul fotografiei sau al telescopului, ""țintă luată în obiectiv"" se referă la un obiect pe care îl focalizăm cu lentila sau cu vizorul. Un exemplu clasic este o stea, care este adesea ținta observării în telescop. Cuvântul ""stea"" are exact 4 litere și începe cu ""STEA"", îndeplinind cerințele indicelui."
,False,Jocuri la care se prind sătenii,CIMILITURI,CIMITIRELE,"Cuvântul are exact 10 litere și începe cu „CIMI”. În limba română „cimitirele” poate fi interpretat în sens figurat ca „locurile în care oamenii se “prind” (adică mor) – o metaforă folosită uneori pentru a descrie jocuri periculoase sau „jocuri” de viață și moarte la care chiar şi sătenii pot fi prinși. Astfel, „cimitirele” se potrivește cu definiţia „jocuri la care se prind sătenii”."
,False,Un moment de referinţă,ODATA,ODATE,"„Odată” înseamnă „la un moment dat”, „într-un anumit timp”, deci se referă la un moment de referinţă. Cuvântul are exact 5 litere și începe cu „ODAT”, îndeplinind cerințele indicelui."
5,True,O urmărire cu cântec,ISON,ISON,"În muzica liturgică ortodoxă, „ison” este nota de bază (drone) care se menţine pe tot parcursul cântecului, urmărind și susţinând melodia principală. Astfel, definiţia „o urmărire cu cântec” se referă exact la acest concept, iar cuvântul are patru litere şi începe cu ISON, respectând indiciul oferit."
5,True,Trupă de sportivi,LOT,LOT,"În limba română, cuvântul „lot” se referă la un grup sau o echipă de persoane. Expresia „trupă de sportivi” descrie exact o grupare de sportivi, adică un „lot”. Însă numărul indicat de litere este 3 și trebuie să înceapă cu „LOT”, ceea ce duce direct la cuvântul complet „LOT”."
0,True,Bătăi în faţa scenei,ROPOTE,ROPOTE,"În limba română substantivul „ropote” înseamnă zgomote joase, bâzâituri, murmururi – sunete care pot fi descrise ca „bătăi” (de exemplu, bătăi de tobă, bătăi de inimă) produse în faţa scenei, adică în apropierea acesteia. Cuvântul are exact 6 litere și începe cu „ROPO”, respectând astfel indiciul oferit."
,False,A porni în forţă,ALUNGA,ALUNAT,"Verbul regional „a aluna” înseamnă „a porni cu putere, a decola, a se lansa în forță”. Forma participială a acestui verb, „alunat”, se potrivește cu definiţia dată – „a porni în forţă”. Cuvântul are exact şase litere şi începe cu şirul cerut „ALUN”."
4,True,Zărit în depărtare,RAR,RAR,"În limba română cuvântul „rar” are sensul de „puțin vizibil, greu de observat”. Astfel, ceva „zărit în depărtare” este perceput ca fiind rar, adică cu greu se vede. Cuvântul are exact 3 litere și începe cu secvenţa RAR, respectând indicaţia dată."
,False,Efective complete (sg.),REALA,REALĂ,"În limba română cuvântul „reală” poate fi utilizat cu sensul de „efectivă”, adică ceva care se întâmplă în mod cert, și de „completă”, adică totală, fără lipsuri. Astfel, definiţia „Efective complete (sg.)” indică exact acest adjectiv la forma de singular feminin, care are 5 litere şi începe cu „REAL”."
0,True,Tocat fără măsură!,TT,TT,"Indicația spune că răspunsul trebuie să aibă exact 2 litere și să înceapă cu „TT”. Singurul șir de două litere care respectă această constrângere este „TT”. Deși nu este un cuvânt obișnuit, în contextul unui joc de cuvinte încrucișate poate reprezenta o abreviere sonoră a sunetului ""tac"" (adică un „toc""), sugerând ideea de „tocat fără măsură"". Astfel, „TT"" este singura soluție posibilă care îndeplinește condițiile date."
5,True,Centru industrial,ORAS,ORAS,"„Centru industrial” se referă la un loc de dezvoltare și producție, adesea denumit simplu „oraș”. În limba română, cuvântul „oraș” are exact 4 litere și începe cu secvența cerută „ORAS”. Prin urmare, ORAS este răspunsul corect."
2,True,Recunoscuţi prin fapte bune,APTI,APTI,"Indicativul ""recunoscuţi prin fapte bune"" descrie persoane care au dovedit că sunt demne, potrivite sau vrednice – adică sunt „apți”. În limba română „apți” (plural de la „apt”) înseamnă „cei care sunt dovediți a fi potriviţi, meritori”. Cuvântul are exact 4 litere și începe cu secvenţa cerută „APTI”."
0,True,Maici plecate de la Roma!,RO,RO,"Indicele specifică un cuvânt de 2 litere care începe cu RO. În expresia „...de la Roma!” secvența „RO” apare la începutul cuvântului „Roma”, deci este „ascunsă” în enunț – o tehnică obișnuită în cruciverbele de tip cryptic. Definiția („Maici plecate”) poate fi interpretată ca o aluzie la un „ro‑” de suspin / gem, însă în contextul clue‑ului cheia este găsirea secvenței de două litere care se potrivește cu indiciul dat. Astfel, singurul cuvânt care respectă restricțiile este RO."
5,True,Tulpina unei plante!,AN,AN,"În sens criptic, „tulpina” poate desemna partea din mijloc a cuvântului. Dacă luăm cuvântul „plante”, mijlocul (tulpina) lui este format din literele „AN”. Astfel, răspunsul cerut, cu 2 litere și care începe cu „AN”, este AN."
0,True,Păcatul lui să fie...,ERES,ERES,"Întrebarea este de tip definiție scurtă: „Păcatul lui să fie…”. În limba română expresia echivalentă este „E rău să fie…”, adică „este un păcat ca el să fie…”. Prima literă a fiecărui cuvânt din această expresie — „E”, „R”, „A”, „S” — formează secvența „ERAS”. Pentru a se potrivi cu indiciul de început „ERES” și cu numărul de litere (4), se adoptă forma „ERES”, care este exact forma scurtă a expresiei „E rău să”. Astfel, „ERES” este cuvântul de patru litere care începe cu „ERES” și corespunde sensului de „păcatul lui să fie”."
,False,Vine după o bere,AMETEALA,AMETISTĂ,"„Ametistă” are 8 litere și începe cu „AMET”. În limbaj colocvial, „a vedea ceva după o bere” poate însemna să vezi lucruri neobișnuite, de cele mai multe ori de o nuanță violet/roz, asociate cu culoarea pietrei semiprețioase – ametist. Astfel, „Ametistă” este răspunsul care respectă cerințele de lungime și de început, și se potrivește sensului figurat al indicelui „Vine după o bere”."
5,True,Finalul unui banc bun,RAS,RAS,"Un banc bun se încheie cu râsul ascultat de public, adică cu ""râs"". În limba română, ""râs"" (scris fără diacritice ca RAS) are 3 litere și începe cu RAS, respectând indiciul dat."
5,True,Dedicaţie de la lăutari,ORATIE,ORATIE,"În limba română, cuvântul „oratie” înseamnă un discurs, o adresă, adesea în formă de omagiu sau dedicare. În contextul unor lăutari, o „oratie” poate fi declaraţia de mulţumire sau dedicarea pe care o fac înainte de a începe să cânte, iar cuvântul are exact 6 litere şi începe cu „ORAT”."
5,True,Foc mistuitor,INTENS,INTENS,"Expresia „foc mistuitor” descrie un foc foarte puternic, aprins, de mare intensitate. Cuvântul românesc care exprimă acea idee este „intens”, care înseamnă „foarte puternic, de mare forță”. „INTENS” are exact 6 litere și începe cu şirul de litere solicitat „INTE”."
,True,,,,
